T0 Wins % Last 5,T0 Passing Yrds,T0 Rushing Yrds,T0 Total Yrds,T0 Avg Pass Yrds/Att,T0 Avg Rush Yrds/Att,T0 Penalty Yrds,T0 Total Plays,T0 Fum Lost,T0 TOP (min),T0 First Downs,T0 Interceptions,T0 TDs,T0 Field Goals,T0 Points,T0 Sacked,T1 Wins % Last 5,T1 Passing Yrds,T1 Rushing Yrds,T1 Total Yrds,T1 Avg Pass Yrds/Att,T1 Avg Rush Yrds/Att,T1 Penalty Yrds,T1 Total Plays,T1 Fum Lost,T1 TOP (min),T1 First Downs,T1 Interceptions,T1 TDs,T1 Field Goals,T1 Points,T1 Sacked,Home Team,Result?
4,330,134,464,9.2,5.4,77,66,0,32,23,1,2,2,21,3,4,281,80,361,9,3.3,64,58,0,28,26,0,4,0,28,2,1,1
4,451,56,507,7.9,3.7,119,76,2,30,27,0,4,4,40,2,3,189,160,349,8.1,5.9,140,65,0,30,23,3,5,0,32,8,1,0
2,236,57,293,7.3,2.9,114,55,0,25,15,1,2,1,17,2,5,346,125,471,8.5,3.9,30,76,0,35,35,0,6,3,51,2,1,1
5,247,109,356,10.2,4.7,64,55,0,27,20,0,3,3,30,5,2,163,102,265,4.8,4.2,50,66,1,33,18,1,0,2,6,3,1,0
5,301,116,417,8.4,4.6,72,64,0,27,22,1,4,2,34,2,3,289,120,409,6.2,5.5,103,75,0,33,24,0,4,0,27,3,1,0
5,283,89,372,7.6,3.1,29,70,1,33,25,0,2,3,23,2,4,337,16,353,6.6,1.8,38,66,0,27,20,0,3,3,30,3,1,1
2,255,15,270,6.8,1.2,40,62,0,27,18,2,1,0,7,5,5,342,95,437,9.4,3.7,69,66,0,33,24,0,4,2,36,2,1,1
2,213,37,250,5.4,2.5,27,56,1,23,16,1,1,1,10,1,5,299,161,460,7.7,4.4,43,76,1,37,27,1,3,2,27,0,1,1
5,329,77,406,8,3.3,93,68,1,32,22,1,3,2,27,3,3,342,80,422,8.2,3.5,49,70,1,28,21,0,2,4,26,3,1,0
3,225,94,319,6.5,3.1,44,68,1,33,16,0,1,2,13,2,5,271,85,356,7.1,3.9,61,62,0,27,18,1,2,2,20,1,1,1
5,262,39,301,6.7,2.4,47,61,1,26,16,0,3,1,24,3,3,254,179,433,6.4,5.6,46,77,0,37,23,1,4,1,30,3,1,1
1,120,128,248,5,3.9,97,58,1,26,15,0,5,0,35,1,4,324,103,427,6.1,4.1,30,86,0,34,27,2,4,0,28,4,1,0
3,197,116,313,7.5,3.7,46,64,1,35,18,0,3,2,27,3,4,102,87,189,6.6,4,36,52,1,25,7,0,0,2,6,6,1,0
1,223,59,282,8.1,2.8,29,60,1,30,15,2,2,1,16,5,3,253,93,346,7.6,3.6,35,63,1,30,17,0,3,4,33,2,1,1
3,221,63,284,7.5,2.9,7,55,0,29,16,1,2,2,20,2,4,285,143,428,7.2,5.3,39,69,1,34,24,0,3,2,26,1,1,1
2,126,70,196,5.6,2.6,41,54,0,29,12,0,1,1,10,2,1,342,96,438,9.2,2.8,93,73,0,31,20,0,2,2,20,1,1,1
0,217,104,321,7.2,3.7,109,63,4,32,15,1,1,1,10,3,2,179,154,333,7.5,4.3,30,60,0,28,18,1,4,1,31,0,1,1
3,243,101,344,7.2,3.7,90,62,0,32,20,1,2,2,20,1,4,250,93,343,6.8,3.9,84,61,2,28,17,3,1,0,7,0,1,0
1,108,123,231,4.2,3.2,21,67,1,28,18,0,3,1,24,1,4,276,47,323,4.9,2.9,53,75,1,32,19,3,2,1,17,1,1,0
3,218,207,425,7.5,4.8,163,72,0,37,23,1,3,2,27,0,2,167,59,226,4.5,5.4,80,58,0,23,17,2,2,0,14,3,1,0
2,191,34,225,4.5,2,15,62,0,27,14,2,2,2,20,1,4,253,221,474,9.7,5.4,5,67,2,33,22,1,4,2,34,0,1,1
3,292,74,366,6.6,3.5,40,71,0,29,22,1,2,2,20,3,3,333,118,451,9.2,4.7,61,61,0,31,21,0,4,2,34,0,1,1
1,338,98,436,9.5,5.2,30,65,2,29,19,2,2,3,23,6,2,261,29,290,8,1,41,64,0,31,14,0,4,0,28,2,1,1
2,132,148,280,5.9,4.5,44,64,0,33,13,0,2,3,22,4,3,190,128,318,5.7,5.3,20,59,2,27,15,2,2,1,17,1,1,0
2,197,70,267,5.5,3.3,54,63,0,27,16,2,2,1,17,3,3,241,123,364,7.1,3.3,54,73,1,33,19,0,3,1,24,1,1,1
1,321,12,333,6.1,1.3,45,70,1,29,20,1,3,0,20,3,2,274,137,411,7.5,4,40,72,0,31,24,0,5,1,38,1,1,1
2,373,90,463,7.8,3.8,61,77,1,39,28,0,2,3,23,3,2,281,74,365,8.7,3.1,60,61,0,30,14,1,2,2,20,3,1,0
2,268,24,292,7.9,1.8,20,58,0,24,15,1,1,0,8,5,3,256,183,439,7.3,5.4,20,71,0,36,24,0,3,3,30,1,1,1
3,299,73,372,7.7,2.8,61,67,0,32,20,1,2,2,19,2,2,176,133,309,5.9,6.3,54,56,0,28,15,4,1,3,16,2,1,0
5,178,122,300,4.9,7.2,41,55,0,21,15,3,2,1,17,1,2,182,113,295,6.5,2.6,45,73,1,39,18,0,2,3,22,2,1,1
3,240,64,304,5,3.8,49,68,1,29,23,2,2,0,14,2,3,195,147,342,10.3,4.1,113,55,0,31,15,0,3,2,27,0,1,1
3,277,151,428,9.6,4.4,40,63,0,32,21,3,5,1,41,0,2,289,102,391,6.1,5.1,36,71,0,28,21,3,2,0,14,2,1,0
2,211,92,303,6.1,3.3,85,64,0,31,19,1,3,1,24,1,3,258,55,313,6.5,2.3,135,68,1,29,14,1,1,1,10,2,1,0
3,82,127,209,6.3,4.5,62,50,1,24,13,0,2,0,14,4,1,179,97,276,5.8,3.5,74,62,0,36,17,1,1,2,13,2,1,0
5,243,112,355,7.4,4,20,61,0,30,21,0,4,2,34,0,3,256,112,368,6.3,4.9,20,67,0,30,22,1,3,0,21,2,1,0
2,260,115,375,7.1,4.1,87,74,2,31,26,2,3,3,31,4,1,175,120,295,6.3,3.8,66,63,0,29,17,1,5,0,34,2,1,1
2,289,108,397,8.8,4.5,62,62,1,29,29,0,2,1,17,2,2,154,266,420,15.1,7.4,94,51,0,31,18,0,4,1,33,3,1,1
2,286,129,415,7.7,4.6,91,67,2,31,25,0,3,1,22,1,4,255,158,413,8.5,5.9,58,58,0,29,21,0,3,3,30,1,1,1
4,275,126,401,6.8,4.8,89,71,0,32,21,1,3,0,21,2,2,203,187,390,10,5.2,42,58,0,28,15,0,4,1,30,1,1,1
3,260,152,412,7.4,4.8,101,69,1,35,18,1,2,2,20,1,2,232,116,348,6.5,3.4,55,73,0,25,20,1,2,3,23,1,1,1
2,212,240,452,8.7,7.7,56,63,0,31,21,0,3,1,25,5,3,308,123,431,11.4,4.6,6,56,1,29,23,0,5,0,35,1,1,1
2,186,121,307,6,4.8,65,56,1,29,14,1,0,2,6,0,1,172,236,408,9.9,5.9,62,61,1,32,19,1,2,1,16,3,1,1
2,182,74,256,6.6,4.1,39,55,1,22,19,0,2,1,17,3,1,188,161,349,6.3,4.4,88,69,1,38,20,2,1,1,10,1,1,0
2,344,42,386,8.2,2.6,112,62,0,30,17,0,2,2,20,2,1,273,123,396,8.3,3.7,93,66,0,30,19,0,2,3,23,0,1,1
1,254,180,434,9.2,5.6,97,63,0,32,26,2,5,1,38,2,1,236,63,299,6.9,3.5,50,65,2,28,22,2,1,1,10,6,1,0
1,251,71,322,5.6,2.8,25,78,0,28,24,1,4,0,26,4,2,255,248,503,14.8,7.1,52,59,1,32,21,0,6,1,44,4,1,1
2,190,99,289,6,3.8,84,66,0,29,15,0,2,2,20,4,3,353,83,436,8.2,2.4,54,87,0,31,29,0,2,1,19,4,1,0
0,220,166,386,8.1,4.4,79,68,0,39,22,2,3,1,24,2,3,140,70,210,7.8,5,74,41,0,21,9,1,2,0,14,3,1,0
3,281,94,375,6.7,3.6,36,75,0,38,22,2,1,2,13,3,1,82,137,219,4.5,5.3,31,46,1,22,8,0,2,0,15,1,1,1
1,337,92,429,10.9,3,25,62,1,31,25,0,4,1,31,0,2,235,128,363,5.8,5.8,123,64,1,29,16,0,3,1,24,1,1,0
2,187,44,231,6.4,2.3,72,56,1,21,13,0,2,0,14,3,1,302,140,442,8.6,3.9,48,73,0,39,26,2,4,1,30,1,1,1
2,168,100,268,6.1,4.3,60,54,0,27,20,0,2,1,18,2,1,279,82,361,8.7,3.3,50,69,0,33,22,1,1,2,12,6,1,0
2,269,127,396,7.9,4.1,50,65,0,33,22,0,4,2,33,0,2,183,63,246,4.7,3.9,32,61,1,27,16,1,2,0,13,2,1,0
2,223,131,354,8.9,5.2,64,56,2,30,19,1,2,2,19,4,3,214,175,389,8.2,4.9,75,62,2,30,20,0,3,1,24,0,1,1
3,372,86,458,12,2.8,67,65,1,30,23,1,4,0,28,2,2,362,36,398,7.4,2,116,67,0,30,19,1,3,1,24,0,1,0
2,321,124,445,8.6,4.9,46,73,1,37,24,0,0,7,21,5,3,321,124,445,13.4,4.8,46,50,0,23,18,0,5,0,36,0,1,1
2,197,200,397,9.3,6.7,112,57,0,31,16,1,3,1,24,4,4,310,109,419,7.5,3.5,50,79,1,41,27,1,3,2,27,4,1,1
5,218,78,296,6.1,3.4,94,64,0,30,16,2,1,3,16,3,3,240,116,356,5.8,6.1,91,67,0,30,21,3,1,1,10,3,1,0
1,144,69,213,5.1,4.1,28,53,0,24,13,0,1,1,10,3,5,219,152,371,8.7,4.1,20,66,0,36,23,0,4,1,31,2,1,1
2,174,82,256,5.8,3.3,54,61,0,29,16,1,1,1,10,3,5,182,74,256,5.2,3.7,70,62,1,31,16,1,0,2,6,4,1,0
4,278,99,377,8.1,3.5,108,71,1,31,24,0,4,1,31,4,4,301,82,383,10.2,3.3,40,58,0,29,21,2,4,2,34,2,1,1
2,251,94,345,4.9,5.5,45,71,0,30,19,3,1,0,7,1,3,236,140,376,8.4,4.5,35,59,0,30,19,1,4,1,31,0,1,1
3,233,144,377,10.9,4.4,55,56,0,31,20,0,4,3,37,1,0,205,68,273,6.1,3.6,84,60,1,29,18,1,0,1,3,3,1,0
3,270,84,354,7.2,3,82,69,0,36,22,1,3,4,33,2,3,321,64,385,9.2,4,27,56,0,24,22,3,2,2,20,3,1,0
2,174,68,242,9.1,1.9,45,61,1,31,14,0,3,1,24,4,2,263,55,318,5.9,3.2,98,71,1,29,17,3,2,0,14,4,1,0
3,186,108,294,5.7,3.3,40,63,1,37,22,0,2,1,17,2,3,277,113,390,7.7,5.4,40,63,1,28,22,0,2,2,20,3,1,1
2,282,59,341,5.2,2.8,38,78,0,29,22,2,1,3,16,1,3,147,145,292,5.9,5.4,72,57,0,31,17,0,3,1,24,3,1,1
2,298,111,409,7.3,3.6,46,82,1,37,27,0,2,1,18,5,3,369,84,453,13.7,3.4,58,52,0,23,21,0,6,0,43,0,1,1
3,197,62,259,7.7,2.8,63,57,0,32,17,1,1,2,12,5,1,187,71,258,6.8,3.9,47,49,0,28,12,1,0,2,6,2,1,0
1,165,191,356,5.5,4.9,30,78,1,38,21,1,2,3,23,5,3,96,167,263,4.8,5.1,20,63,0,32,17,0,2,2,20,4,1,0
2,194,155,349,7.8,5.7,86,56,0,26,14,1,3,1,24,3,2,354,52,406,7.6,2.7,54,69,3,34,24,1,2,2,20,2,1,0
4,414,55,469,9.4,2.8,111,66,1,31,21,2,1,2,13,1,3,169,141,310,8.7,4.4,48,53,0,29,14,0,2,4,25,1,1,1
4,192,147,339,7.2,6.1,5,55,1,28,18,2,1,2,13,2,0,239,138,377,7.8,4.8,66,63,0,32,18,0,2,3,23,2,1,1
3,301,139,440,6.8,5.6,21,69,3,28,24,1,5,0,35,0,2,402,195,597,8.3,6.5,42,81,1,32,27,1,4,3,38,1,1,1
1,327,15,342,8.3,1.1,188,65,2,33,20,1,0,3,9,6,3,399,60,459,10.9,2.9,50,59,1,27,22,1,3,3,30,1,1,1
3,480,58,538,8.3,4.1,118,75,0,32,26,4,3,3,30,2,3,336,100,436,11.5,3.7,76,59,0,28,21,4,6,0,39,2,1,1
3,186,54,240,6.5,3,30,57,1,27,11,2,1,1,10,5,2,364,158,522,9.3,4.9,48,71,2,33,24,0,5,3,45,0,1,1
3,281,104,385,6.7,4.2,127,71,1,29,20,1,4,0,27,2,4,354,23,377,6.9,1.4,63,75,0,31,28,2,4,2,34,3,1,1
4,198,110,308,6.5,5.5,25,57,1,26,21,2,2,1,17,3,2,265,121,386,6.7,3.9,121,73,0,34,22,0,2,2,20,0,1,1
3,349,30,379,9.7,1.6,45,55,1,26,16,2,3,2,28,0,1,177,86,263,5.2,3.7,47,76,2,34,22,2,0,4,12,7,1,0
3,100,73,173,3.7,3.2,15,57,0,23,11,2,1,2,13,2,3,150,69,219,4.4,2.8,45,69,0,37,16,1,1,4,19,4,1,1
2,384,109,493,8.5,4.4,109,70,1,30,29,1,3,4,33,0,2,351,97,448,7.6,5.1,106,66,0,30,27,1,4,3,37,1,1,1
1,422,83,505,9,3.3,74,80,0,39,25,0,3,4,33,4,1,196,181,377,6,5.8,98,67,0,29,22,0,4,1,30,1,1,0
1,343,77,420,6.5,3.5,15,75,0,33,25,2,2,2,20,0,1,326,65,391,12.6,2.6,25,55,0,27,15,0,2,4,25,3,1,1
1,221,55,276,6.3,3.4,64,59,1,30,18,1,2,1,18,3,3,264,150,414,9.5,5.4,40,59,0,30,21,0,3,2,26,2,1,1
1,293,72,365,8.6,2.9,66,64,0,30,22,0,3,2,26,1,1,293,72,365,8.6,2.9,46,65,0,30,23,0,2,5,29,3,1,1
1,168,90,258,4.2,4.1,30,70,0,31,22,1,2,3,22,3,2,308,89,397,7,4.2,121,67,2,29,22,2,3,0,20,1,1,0
2,131,82,213,5.2,2.8,35,56,4,27,13,0,2,0,13,1,1,292,96,388,6.8,3.4,137,73,0,33,16,2,1,3,16,1,1,1
2,232,104,336,6.8,4.5,50,57,0,30,16,2,4,2,33,0,0,275,63,338,6,3.5,15,68,0,31,21,0,3,2,27,2,1,0
4,301,123,424,9.1,3.4,42,69,1,36,28,0,5,0,35,0,3,274,28,302,6.8,2,94,55,1,24,16,1,0,2,6,1,1,0
5,164,113,277,6.8,4,55,56,0,32,15,0,4,2,34,3,2,273,93,366,6.2,4.7,63,67,1,28,19,2,2,0,14,2,1,0
1,219,166,385,6.9,5.5,85,74,3,35,21,0,2,0,14,7,0,158,116,274,11.5,3.9,40,47,0,25,13,0,4,0,28,2,1,1
2,314,155,469,9.8,5.2,85,62,1,32,19,0,3,2,27,0,1,316,39,355,7,2.8,50,68,1,28,21,1,2,2,20,5,1,0
1,332,100,432,8.7,4.8,91,66,1,34,20,0,2,4,27,4,2,347,91,438,9.4,4.3,31,61,0,26,23,0,3,3,30,2,1,1
5,290,152,442,6,4.6,81,81,0,37,21,3,2,4,26,0,2,189,109,298,5.5,3.3,30,76,1,33,20,2,3,1,23,4,1,0
2,282,82,364,8,3.4,98,65,4,36,19,0,0,2,6,4,2,150,158,308,7.1,6.1,75,51,1,24,16,0,3,1,24,2,1,1
3,372,119,491,9.8,3.1,25,77,3,34,25,1,4,2,34,2,1,215,39,254,5.6,1.9,35,61,1,26,16,1,3,0,20,1,1,0
2,150,71,221,6.9,4.2,40,54,0,22,15,0,1,1,10,9,0,251,230,481,8.7,5.6,71,74,1,38,28,1,3,1,24,2,1,1
1,136,94,230,5,5.5,40,52,0,25,15,1,1,2,13,3,4,241,182,423,8.3,5.1,30,68,0,35,28,0,3,3,30,2,1,1
1,136,232,368,4.2,6.4,83,68,0,31,21,1,1,2,13,0,5,122,136,258,5.7,5,33,50,0,29,16,1,2,1,17,1,1,1
2,223,97,330,7.4,3,25,67,0,35,19,0,3,2,27,2,4,298,98,396,7.1,4.7,39,73,1,25,24,1,2,2,20,5,1,0
3,239,61,300,4.2,2.7,70,82,0,28,21,1,2,1,17,1,4,178,172,350,5.3,5.2,92,72,0,32,25,1,3,1,24,2,1,1
1,261,57,318,7.2,2.9,84,56,0,24,14,1,0,3,9,0,2,227,186,413,5.8,4,58,86,0,36,30,1,2,2,19,1,1,1
3,374,54,428,6.7,3.2,35,75,3,24,24,1,3,0,21,1,4,243,135,378,9.5,3.9,80,64,0,36,22,0,7,0,48,2,1,1
2,213,110,323,7.3,3.7,65,59,0,28,22,0,3,2,27,0,2,362,82,444,8.8,2.9,125,70,0,32,24,0,2,2,20,1,1,0
1,287,95,382,8.1,3.1,69,68,0,30,24,0,4,1,31,1,1,311,83,394,6.2,4,64,77,0,30,26,3,3,0,20,3,1,0
0,125,86,211,5.5,4.3,45,58,2,31,15,1,0,2,6,7,2,214,56,270,6.7,2.4,85,61,0,29,14,0,2,2,20,3,1,1
3,218,50,268,5.2,5,82,56,0,24,14,1,0,2,6,2,4,195,167,362,7.6,4.4,40,66,0,36,23,1,3,1,24,1,1,1
3,150,155,305,6.2,4.2,48,68,1,34,20,1,1,3,16,3,3,140,50,190,5,2.6,94,54,1,26,14,1,1,1,10,3,1,0
3,202,128,330,8,3,28,69,1,36,19,0,4,2,34,1,1,227,30,257,4.6,2.7,43,63,3,24,13,1,1,0,6,1,1,0
1,183,32,215,7.5,2.3,53,54,2,24,11,2,0,2,6,8,3,242,160,402,6.1,5.2,55,74,0,36,25,1,3,3,30,1,1,1
2,245,133,378,8.7,5.8,71,56,0,25,20,2,5,0,35,3,1,345,88,433,8.3,3.3,55,74,0,35,28,2,4,2,33,3,1,0
2,289,142,341,6,5.1,92,79,0,36,21,0,1,2,13,1,2,266,60,326,6,2.5,45,74,2,34,22,0,1,3,16,3,1,1
2,266,183,449,6.2,5.1,100,83,0,38,22,1,4,0,27,2,3,301,75,376,7.6,5.8,42,61,1,22,15,2,3,0,21,4,1,0
3,223,136,359,4.9,3.9,15,84,1,36,19,3,2,4,26,2,5,239,140,379,7.1,3.9,55,73,2,34,17,1,3,3,29,2,1,1
5,274,35,309,7.8,2.5,56,51,0,21,16,2,3,1,24,1,2,245,120,365,7,3,30,77,0,39,27,0,3,2,27,1,1,1
2,202,74,276,6.7,2.7,42,61,1,33,17,2,3,1,24,2,2,275,100,375,6.1,4.2,69,71,1,27,21,3,3,0,21,1,1,0
3,212,132,344,6.8,6.3,95,62,0,28,21,1,1,2,12,5,2,309,27,336,7.5,1,45,71,0,32,23,0,2,4,25,3,1,1
3,227,95,322,6,4.1,85,69,1,31,17,1,1,3,16,3,2,226,154,380,8.3,5.3,40,62,2,29,24,0,6,1,51,0,1,1
1,94,137,231,5.1,5.1,60,58,0,27,14,1,3,1,24,4,2,200,127,327,5.4,4,71,71,0,33,20,1,3,3,30,1,1,1
4,158,105,263,5.6,3,22,68,0,34,17,1,2,2,20,2,2,169,96,265,4.6,4.6,25,66,1,26,18,2,0,3,9,5,1,0
1,270,55,325,9.2,3.2,12,56,1,25,21,1,4,1,31,6,1,186,183,369,11,4.6,72,61,0,35,20,0,4,3,38,2,1,1
1,212,104,316,6.6,4,59,65,1,32,22,0,1,2,13,4,2,218,90,308,7.8,3.9,88,58,1,28,18,1,1,4,19,4,1,1
0,290,79,369,7,3,70,71,0,31,24,0,4,1,31,2,3,318,102,420,6.7,5.4,35,70,0,29,20,1,2,4,25,2,1,0
3,302,81,383,8.9,3.9,21,59,1,26,20,0,6,0,39,2,1,257,210,467,9.2,6,38,68,1,34,26,1,6,0,42,4,1,1
0,245,83,328,7,2.5,43,69,0,35,22,1,2,3,23,1,3,285,85,370,7.8,4.2,62,60,0,25,21,1,2,1,17,2,1,0
2,347,65,412,10.5,4.3,55,52,0,22,21,2,4,0,27,2,1,402,135,537,11.4,3.9,40,72,0,38,29,0,5,1,38,1,1,1
0,185,124,309,13.9,3.9,55,49,1,32,20,0,6,0,42,2,0,181,92,273,6.4,3.5,97,63,0,28,16,2,2,0,14,4,1,0
4,251,127,378,6.6,4.1,53,69,0,35,21,2,1,1,10,0,1,179,77,256,5.3,4.8,45,52,0,25,15,2,1,0,7,1,1,0
0,371,112,483,9.5,4,66,67,1,32,25,0,4,2,34,0,4,355,61,416,9.9,2.3,75,70,1,33,30,1,4,0,28,4,1,0
5,184,119,303,8.7,3.5,45,64,0,36,24,0,3,2,27,5,1,178,64,242,7.7,3,30,46,1,24,11,1,1,1,10,1,1,0
2,323,84,407,8.7,2.8,94,69,2,35,22,0,3,1,24,1,1,205,44,249,5.9,2.4,25,57,0,25,19,2,3,0,21,2,1,0
3,238,61,299,5.7,2.8,85,70,0,31,21,1,4,1,31,3,3,167,147,314,7.6,5.2,60,58,3,29,20,2,3,1,24,5,1,0
3,313,41,354,7.7,2.2,94,62,1,29,19,1,3,1,24,1,1,262,28,290,6.3,1.5,75,68,1,31,22,2,2,0,12,4,1,0
3,212,113,325,6.6,5.4,63,69,1,34,19,0,2,2,20,7,4,200,144,344,7.9,6,40,53,0,26,18,2,2,3,23,2,1,1
4,254,43,297,7.6,2.4,103,55,0,26,15,2,1,3,16,2,2,223,65,288,6.4,2.6,41,68,2,34,20,1,1,1,10,4,1,0
5,50,90,140,3.5,4.3,15,46,0,27,14,0,1,1,10,3,5,340,160,500,11.7,4.7,93,63,0,33,24,1,3,2,29,0,1,1
2,197,106,303,6.6,3.3,102,65,0,33,13,0,2,5,29,2,4,152,69,221,4.1,4.3,55,65,0,27,18,5,2,0,13,5,1,0
3,219,170,389,9.3,4.7,118,68,0,33,21,0,2,1,17,5,3,261,86,347,8.3,3.4,0,59,1,27,19,1,1,3,15,2,1,0
3,159,134,293,6.4,3.4,18,66,0,33,19,1,2,1,17,1,1,179,93,272,5.8,4,72,62,2,27,15,1,0,1,3,4,1,0
1,99,27,126,4.7,1.2,70,55,0,24,8,0,2,0,15,3,3,276,34,310,6,1.6,27,77,2,36,20,0,0,4,12,5,1,0
2,207,110,317,6.5,3.8,45,67,0,35,15,1,2,2,20,3,3,293,210,503,9.7,6.6,35,65,3,25,21,2,3,2,27,2,1,1
3,251,75,326,7.2,4.2,38,65,0,27,23,1,4,0,28,7,4,325,123,448,9.5,3.8,89,68,0,34,26,0,5,1,38,1,1,1
1,241,87,328,5.6,3.3,49,73,1,34,21,0,2,2,18,2,2,170,117,287,6,4.7,49,58,0,26,16,0,2,1,17,3,1,0
1,271,57,328,7.6,3.2,95,57,1,27,16,0,1,1,10,2,2,237,84,321,8,2.4,50,68,0,33,16,2,1,3,16,2,1,1
1,195,81,276,6,5.8,81,58,0,26,16,2,1,1,10,6,1,134,206,340,5.3,6.4,20,63,0,34,24,0,6,1,45,3,1,1
3,232,153,385,10.1,4.9,35,59,0,33,22,0,4,2,33,3,0,149,52,201,5.9,2.1,39,58,1,27,14,1,0,1,3,3,1,0
5,143,89,232,7.4,4,88,48,2,26,15,0,5,0,34,4,2,262,99,361,4.9,4.1,21,76,0,34,27,3,3,0,20,4,1,0
1,236,44,280,6.1,2.4,48,66,0,31,15,1,0,1,3,5,5,179,150,329,8.3,6,53,50,1,29,18,1,1,1,10,2,1,1
2,157,48,205,5.9,3,59,55,0,25,14,1,2,1,17,6,5,150,189,339,6.4,4.8,55,65,0,35,23,2,3,0,23,1,1,1
3,173,70,243,5.9,3.2,47,57,1,27,16,1,2,2,20,2,0,273,98,371,6.5,3.4,48,75,2,33,23,1,2,3,22,3,1,1
2,282,130,412,9.3,5,136,58,0,31,19,0,4,3,37,1,1,327,90,417,5.8,4.3,86,80,0,29,28,2,3,2,29,1,1,0
4,122,263,385,6.4,8,15,59,0,33,21,0,3,3,30,4,2,287,84,371,7,4.4,82,64,0,27,20,2,2,0,14,2,1,0
2,164,52,216,6.8,2.5,31,47,0,24,13,0,1,2,13,1,2,266,109,375,8.1,3.5,55,70,0,36,22,0,1,3,18,4,1,1
3,190,103,293,5.2,3.7,75,69,1,29,18,1,3,3,30,2,2,252,120,372,5.9,4.8,95,75,0,31,20,2,2,2,20,3,1,0
2,271,72,343,5.7,2.9,75,75,1,35,19,0,2,2,20,1,2,175,106,281,5.4,4.4,121,65,0,33,14,1,2,2,23,3,1,1
3,233,69,302,8.2,4.3,29,47,0,22,16,2,4,0,28,1,2,387,96,483,9.8,3.1,40,74,1,38,28,2,4,2,33,2,1,1
2,279,90,369,7.7,3.2,74,72,1,33,21,1,2,0,14,4,2,121,163,284,5,5.3,39,55,0,27,18,1,4,1,31,0,1,1
2,488,60,548,7.7,2.9,76,89,1,38,32,0,2,2,20,3,5,237,133,370,8.8,7.8,50,49,0,22,17,0,3,2,27,3,1,1
2,337,109,446,8.6,3.8,55,70,1,34,25,1,3,0,22,1,1,262,77,339,6.7,4.1,54,63,1,26,19,0,2,2,19,2,1,0
1,146,67,213,4.7,5.2,80,46,0,22,11,0,1,1,10,1,2,191,182,373,7.5,4.9,53,66,1,38,19,0,3,1,24,2,1,1
2,305,88,393,6.4,4.4,58,70,1,29,22,2,2,2,21,1,2,279,84,363,8.7,2.7,67,63,0,32,19,0,3,3,32,0,1,1
2,233,87,320,9.6,4.8,72,51,2,19,14,0,3,0,20,5,2,290,127,417,6.3,4,110,79,1,41,25,0,2,3,23,1,1,1
2,219,51,270,6.8,2.1,51,57,0,28,18,2,2,2,19,1,4,242,176,418,6,5.5,62,77,1,35,29,2,3,2,25,3,1,1
2,191,34,225,4.5,2,15,62,0,27,14,2,2,2,20,1,4,253,221,474,9.7,5.4,5,67,2,33,22,1,4,2,34,0,1,1
2,289,190,479,10.2,6.3,142,60,1,31,21,0,3,3,30,1,2,305,50,355,7.9,2.6,20,60,1,29,27,0,4,1,31,1,1,1
3,192,158,350,7.5,6.3,50,55,0,26,16,2,2,0,14,2,2,301,209,510,13,6.7,26,59,0,34,23,0,5,4,47,3,1,1
2,172,14,186,6.9,1.2,68,47,4,22,9,1,2,0,16,5,5,226,142,368,7.2,3.6,66,75,0,38,27,0,5,3,44,2,1,1
2,299,33,332,6.3,2.5,35,67,0,24,17,3,2,0,14,3,2,302,105,407,10.4,2.8,80,66,0,36,18,0,2,2,20,0,1,1
1,221,97,318,7.7,4,70,54,3,27,16,0,1,4,19,1,3,193,73,266,7.1,2.8,72,60,1,33,15,0,1,3,16,3,1,0
2,275,99,374,9.7,3,63,67,0,34,24,1,3,1,24,3,3,290,87,377,10.2,4,79,56,1,26,20,0,3,0,21,3,1,0
3,351,67,418,7.9,2.6,70,74,0,34,25,0,5,1,38,2,2,353,45,398,6.8,2.8,45,77,2,26,23,0,3,1,24,5,1,0
4,291,146,437,11.7,4.1,20,63,0,34,19,0,4,2,34,1,1,412,100,512,9.1,6.2,44,68,2,26,27,2,3,0,23,4,1,0
2,336,63,399,6.5,3.9,88,68,0,25,23,2,3,1,24,0,2,290,105,395,8.8,3,57,70,0,35,21,2,2,4,26,1,1,1
4,250,109,359,7.9,3.3,142,70,2,40,21,0,2,2,20,3,1,219,7,226,6.1,0.4,60,55,1,20,17,2,1,1,10,1,1,0
2,292,96,388,7.8,4.6,78,69,3,26,19,1,2,1,17,5,2,333,186,519,7.4,5.5,35,79,0,34,34,2,4,4,39,0,1,1
3,166,81,247,5,3.5,94,64,1,30,18,2,1,0,7,3,2,270,158,428,7.4,4.3,72,76,1,30,24,3,3,2,27,1,1,1
3,172,177,349,4.5,5.9,46,81,0,31,20,1,1,3,16,5,5,190,204,394,8.2,6.2,43,58,0,29,21,1,3,2,27,1,1,1
3,287,172,459,8.2,4.9,70,72,0,26,25,0,4,2,33,1,0,277,134,411,7.9,4.6,58,71,0,38,25,1,3,2,27,4,1,0
3,238,283,521,8.5,6.7,82,72,1,36,25,0,6,1,45,1,3,247,136,383,6.4,4.9,25,72,1,24,21,3,2,1,17,3,1,0
2,159,68,227,7.4,2.7,30,58,1,23,14,0,2,0,14,6,3,322,108,430,8.9,3.6,29,70,0,37,28,0,6,1,45,2,1,1
5,263,230,493,8.3,5.9,10,74,0,37,28,0,5,2,40,2,2,350,74,424,8.8,3.7,38,63,2,23,19,2,2,1,17,2,1,0
2,315,120,435,8.4,4.6,11,65,1,28,23,1,5,0,35,1,1,294,208,502,7,5.8,10,81,1,32,30,0,3,3,30,2,1,0
3,186,99,285,5.2,4.1,44,61,0,23,18,0,2,4,26,1,4,356,80,436,7.9,3.5,35,68,1,37,27,2,3,2,27,1,1,1
2,346,56,402,7.9,2.5,65,70,0,32,25,0,3,1,24,2,3,291,97,388,7.3,4.2,35,65,1,28,19,0,2,2,20,2,1,0
2,256,124,380,7.5,4.6,28,64,0,28,22,0,3,2,27,2,2,441,84,525,8.2,4,65,75,0,32,30,1,3,3,30,0,1,1
2,227,233,460,8.4,5.7,46,69,1,38,27,3,2,2,20,1,3,157,132,289,7.1,5.3,13,51,0,22,13,0,3,2,27,2,1,1
4,329,87,416,8.5,4.1,53,65,1,25,28,0,7,0,49,3,3,505,103,608,10.1,4,93,76,0,35,35,2,7,1,52,0,1,1
3,213,114,327,5.3,3.5,49,73,0,35,24,2,3,4,32,0,2,247,136,383,6.9,5.9,79,59,3,25,19,0,1,4,18,0,1,0
5,309,171,480,7.6,5.9,88,77,1,31,28,0,5,1,38,3,2,245,161,406,5.3,6,47,73,1,29,21,1,5,0,35,0,1,0
1,272,91,363,8.9,4.5,48,58,0,25,15,3,2,1,17,4,2,150,218,368,6.7,5.5,10,68,0,35,17,0,5,5,49,3,1,1
3,280,158,438,7.9,4.9,70,69,0,34,26,0,5,1,39,1,4,220,127,347,8.9,6,31,49,0,26,23,1,4,0,28,2,1,0
3,220,115,335,9.5,4.1,30,57,0,29,21,0,2,2,20,3,1,335,103,438,8.8,4.1,64,69,0,31,27,0,3,2,26,3,1,1
3,210,113,323,7,3.6,40,61,0,30,19,1,1,2,13,0,1,91,129,220,3.7,4.3,40,57,0,30,14,0,0,4,12,1,1,0
0,174,42,216,6.4,2,65,53,0,30,12,1,0,2,6,3,2,246,84,330,6.8,3.2,62,67,0,30,23,2,1,1,10,2,1,1
5,165,129,294,6.8,3.5,53,65,0,35,18,0,3,4,33,1,1,179,31,210,5,2.2,40,56,0,25,14,3,1,2,14,2,1,0
2,99,171,270,3.9,8.6,30,51,0,22,11,1,1,0,7,2,2,205,230,435,6.2,5.2,69,81,0,38,29,0,4,0,28,2,1,1
3,177,71,248,7.2,4.2,25,54,0,27,17,1,0,1,3,5,1,165,230,395,6.3,5.9,57,66,1,33,25,0,2,2,20,1,1,1
2,285,38,323,5.4,2.4,39,70,2,29,25,1,2,1,16,1,2,151,199,350,8.5,4.7,97,61,1,31,20,0,3,2,26,1,1,1
3,285,140,425,9,4,31,74,1,36,25,0,2,5,28,4,1,197,77,274,9.8,4.5,30,50,0,24,14,0,2,1,19,7,1,0
4,180,147,327,6.2,5.9,35,56,0,27,17,1,2,3,23,1,2,208,97,305,6.4,3.9,38,59,0,33,18,0,2,2,20,1,1,0
3,160,160,320,5.1,4.4,87,70,0,32,18,0,1,4,18,1,4,148,145,293,5.9,4.1,67,63,0,33,21,1,2,2,21,1,1,1
2,196,124,320,6.2,3.6,19,70,0,30,19,0,2,5,30,2,5,248,94,342,7.8,5.2,110,62,1,30,16,0,2,0,13,6,1,0
4,174,191,365,6.2,4.9,53,67,0,33,24,1,2,2,20,0,1,210,116,326,7.4,4.8,78,57,1,27,22,2,1,1,10,2,1,0
4,260,173,433,9.8,4.8,65,66,1,35,25,0,5,1,38,2,4,94,31,125,4.2,1.9,95,48,0,25,9,1,1,0,7,4,1,0
3,317,72,389,9.3,3,25,63,3,28,23,0,2,2,20,3,5,296,97,393,8.9,3.3,30,66,0,32,22,0,2,3,23,2,1,1
2,199,94,293,6.2,4.7,39,62,1,28,21,1,2,1,17,5,2,221,129,350,11.6,3.6,45,57,0,32,20,0,5,1,38,1,1,1
3,91,151,242,5.2,5.6,37,49,1,24,14,1,2,2,20,3,2,274,76,350,6.6,2.9,54,75,1,36,19,1,1,2,13,5,1,0
3,189,133,322,8.2,4.4,74,53,0,28,21,0,4,1,31,0,0,213,189,402,6.2,5.7,64,71,0,32,25,1,2,3,23,2,1,0
3,205,119,324,6.9,4.8,92,57,1,27,21,1,2,1,17,2,4,234,127,361,7.5,4.4,35,64,1,33,21,0,2,4,27,2,1,1
4,200,162,362,7,4.9,65,68,0,37,18,0,2,1,17,3,2,119,77,196,6.4,4.1,30,50,0,24,8,1,0,1,3,6,1,0
2,143,191,334,5.2,5.3,40,70,0,34,17,4,1,1,10,3,4,236,86,322,8,3.2,67,59,1,26,14,2,3,1,24,2,1,1
4,331,71,402,7.7,3.7,87,72,1,28,21,1,4,0,29,5,5,297,130,427,9.9,3.6,45,66,0,32,20,1,4,3,37,0,1,1
1,242,45,287,6.4,1.7,35,64,0,31,16,1,2,2,18,0,3,325,47,372,5.5,2.6,55,82,0,29,22,0,2,1,16,3,1,0
2,189,101,290,6.5,3.3,95,63,0,31,17,0,2,1,17,1,2,188,177,365,4.7,6.3,38,73,1,29,23,1,1,2,13,2,1,0
1,246,67,313,7.6,2.8,55,63,0,27,19,1,4,0,27,3,3,205,101,306,6.3,4,108,63,1,33,17,0,2,3,23,3,1,0
4,77,101,178,5.3,3.9,59,64,3,30,16,1,1,0,8,9,5,260,121,381,9.6,4.7,119,56,1,30,19,1,5,1,38,2,1,1
0,203,53,256,5.8,2.9,37,53,1,28,12,0,1,1,10,0,2,235,110,345,11,3.5,30,63,3,32,18,0,1,2,13,6,1,1
3,158,187,345,9.5,7.5,70,45,0,23,15,0,6,0,42,2,0,379,56,435,5.4,3.1,85,89,2,37,29,4,2,1,17,1,1,0
2,353,91,444,8.6,2.9,76,73,0,34,24,1,3,4,34,1,0,391,155,546,9.6,4.8,98,76,2,39,26,1,4,3,37,2,1,1
3,220,111,331,5.3,5.5,45,70,0,34,22,1,2,0,14,4,0,114,203,317,5.6,7,48,52,0,26,15,1,3,0,21,1,1,1
3,246,150,396,10.2,6.5,92,51,1,30,24,0,5,0,35,3,1,330,69,399,6.6,3.8,28,71,0,30,27,0,3,2,27,0,1,0
1,201,121,322,6.8,5.3,65,59,1,24,20,0,2,1,17,3,3,284,87,371,8.1,3.1,71,67,0,37,26,0,3,4,32,2,1,1
3,282,67,349,7.6,3.2,21,64,0,33,22,0,3,1,24,4,2,231,111,342,10.7,4.6,15,52,0,28,16,3,2,2,20,5,1,0
2,185,115,300,7.7,4.1,58,52,1,30,21,1,7,0,48,0,0,226,109,335,7.5,3.9,170,62,0,30,18,2,2,3,23,2,1,0
0,48,98,146,3.7,3.6,40,46,0,27,7,0,0,0,0,2,2,212,159,371,7.8,5.5,41,63,0,33,17,0,2,4,26,4,1,1
3,244,153,397,10.8,4.1,44,63,2,34,17,0,4,3,37,2,3,191,94,285,5.4,4.5,57,59,1,26,12,1,1,2,13,1,1,0
1,170,121,291,6.1,5.3,50,59,0,25,13,0,4,0,26,4,3,194,170,364,6.5,4,72,74,0,37,20,1,2,2,20,1,1,0
1,153,174,327,5.8,4.5,25,67,0,37,21,0,2,4,26,1,2,285,104,389,10.2,4.2,47,55,2,23,19,1,3,0,21,1,1,0
2,310,70,380,8.2,2.9,55,63,1,33,27,1,3,1,22,1,4,312,119,431,10.2,4,88,62,0,27,24,0,3,2,27,1,1,1
4,111,133,244,5.6,4,45,57,1,28,17,0,4,3,37,2,1,270,141,411,6.7,4.7,48,75,1,32,25,4,3,1,23,2,1,0
4,248,135,383,7.5,4.1,25,72,0,32,25,2,4,0,27,3,2,219,115,334,8,4.4,48,60,0,28,14,0,2,3,23,4,1,0
5,322,175,497,8.1,5.1,87,76,2,37,33,1,6,0,41,1,2,264,70,334,6.7,5,104,58,0,23,21,1,5,0,38,2,1,0
0,176,54,230,5.7,3.4,54,62,2,29,15,2,0,0,0,5,5,282,142,424,11.1,4.4,60,61,0,32,20,0,5,1,38,2,1,1
5,113,155,268,4.7,7.8,40,52,1,24,18,0,1,2,13,2,1,296,77,373,10.2,2.6,20,62,1,36,21,0,2,2,20,2,1,1
1,309,77,386,6.9,3.5,65,71,1,28,21,2,1,1,10,2,4,255,111,366,11.3,3.5,33,62,2,32,23,0,5,1,38,4,1,1
5,263,150,413,6.7,7.1,41,70,3,28,23,0,3,0,21,5,1,304,81,385,8,2.5,15,72,0,32,25,0,4,1,31,1,1,1
2,173,117,290,6.1,3.7,43,63,0,30,21,0,2,3,23,2,4,395,101,496,8.8,3.7,124,73,3,39,28,1,2,2,20,1,1,0
3,285,17,302,6.7,1.2,63,61,0,32,17,0,1,3,16,2,1,185,133,318,7.1,3.5,30,64,0,28,18,2,2,1,17,0,1,1
1,255,64,319,6,3.6,58,66,0,29,21,1,1,4,19,3,3,222,166,388,8.4,4.5,53,65,1,31,25,1,3,1,23,1,1,1
2,323,67,390,7.5,3,45,65,1,30,24,0,2,2,20,0,2,327,87,414,9.3,3.3,32,63,1,30,25,1,2,1,17,1,1,0
3,354,54,408,7.4,2.7,73,70,0,33,18,1,1,4,19,2,2,307,120,427,9.6,4.8,30,57,1,27,25,0,4,1,31,0,1,1
0,194,139,333,9.9,4,90,59,2,29,18,0,2,4,26,3,2,219,104,323,6.7,3.9,115,69,2,31,21,1,3,0,19,4,1,0
1,301,87,388,7.6,2.5,95,78,0,37,26,0,3,1,24,2,3,176,115,291,5.7,6.1,80,52,0,23,18,0,2,1,17,1,1,0
3,363,146,509,7.3,5.4,56,77,1,31,30,1,2,3,23,0,1,221,98,319,13.8,3,35,52,0,29,16,0,4,1,31,2,1,1
2,53,103,156,3.5,3.6,45,50,0,23,10,4,1,0,7,2,2,307,139,446,9.7,3.8,24,70,0,37,28,1,6,2,47,1,1,1
1,164,164,328,7.1,6.3,66,51,0,27,13,0,3,1,24,1,3,334,113,447,7.7,5.4,20,71,2,33,26,1,1,5,22,4,1,0
3,334,117,451,7.7,3.5,66,83,2,39,30,1,4,3,39,3,3,228,115,343,7.5,6.4,131,52,0,21,18,1,4,2,32,2,1,0
4,267,70,337,6.8,2.4,47,70,0,37,26,0,2,2,19,1,3,301,67,368,8.8,3.9,81,55,1,23,17,1,1,2,13,2,1,0
5,349,175,524,8.8,4.9,25,79,0,40,29,0,3,2,27,2,1,146,66,212,4.2,4.4,104,50,0,20,9,1,0,1,3,0,1,0
4,209,145,354,7,4,70,69,0,37,22,0,4,3,36,1,5,205,27,232,5,2.1,43,58,0,23,16,3,1,0,6,2,1,0
4,219,124,343,6.1,3.9,46,79,0,37,21,1,3,3,31,6,2,276,76,352,11,2.9,30,55,3,29,19,0,4,2,34,2,1,1
2,212,176,388,9.8,4.3,50,70,0,38,21,2,2,2,20,5,1,81,61,142,5.2,4.1,33,45,0,22,8,0,0,1,3,6,1,0
2,247,59,306,7.8,3.7,42,52,0,22,14,0,1,2,13,2,2,253,255,508,9,5.8,51,75,0,38,28,0,4,1,29,2,1,1
5,103,102,205,4.5,3.4,60,53,0,28,14,0,3,1,23,0,2,253,59,312,7,2.7,83,67,2,32,18,1,2,1,17,4,1,0
1,151,38,189,4,1.8,93,65,0,28,11,0,0,2,6,3,2,191,197,388,8.3,4.8,93,64,1,32,16,0,3,1,27,0,1,1
3,231,133,364,6.1,4,105,71,0,39,21,0,1,3,16,0,1,350,108,458,8,3.3,60,78,0,33,21,1,1,4,19,1,1,1
2,257,106,363,8,3.4,69,66,2,34,19,0,2,3,23,2,3,252,92,344,7.3,4.8,58,59,0,26,21,0,3,0,21,3,1,0
1,387,70,457,8.6,4.4,49,61,2,23,23,2,3,1,24,0,2,302,161,463,9.3,4.2,65,75,1,37,29,0,4,1,31,2,1,1
4,175,109,284,4.8,4,43,70,2,31,19,1,0,0,0,2,3,97,185,282,5.4,4.7,15,59,0,29,15,0,3,2,27,1,1,1
3,244,134,378,6.3,4.2,60,73,0,36,24,0,1,3,16,2,4,187,90,277,7.6,4.1,74,52,1,24,13,0,0,0,0,3,1,0
3,403,98,501,9.9,2.8,61,77,0,35,24,0,4,1,33,1,0,235,27,262,7.1,1.2,35,59,0,25,17,1,2,0,13,2,1,0
2,237,120,357,8.2,3.8,46,65,0,32,20,0,2,1,17,2,4,358,79,437,10.7,3.4,55,61,0,28,25,0,4,2,35,3,1,1
4,222,140,362,8.5,4.8,40,55,2,28,21,0,4,0,27,0,3,281,94,375,6,4.3,85,69,0,32,17,1,1,3,16,0,1,0
4,285,72,357,9.5,3.1,116,61,0,30,23,0,5,2,41,5,4,209,167,376,5.5,6.4,84,68,0,30,25,0,3,1,25,2,1,0
4,324,96,420,9.4,3.7,60,66,0,30,23,0,3,4,31,3,4,304,81,385,9.9,2.9,61,62,1,30,25,1,3,1,24,2,1,0
4,273,171,444,7,5.7,40,71,0,29,28,0,4,1,30,1,0,177,122,299,6.9,4.5,68,62,0,31,20,0,2,1,17,5,1,0
4,286,91,377,5.7,4.3,15,71,0,31,26,0,2,3,22,0,2,269,64,333,8.4,2.8,66,56,2,29,16,0,2,1,17,1,1,0
1,126,36,162,5,2.8,30,49,0,22,7,2,1,1,10,4,4,269,133,402,5.8,4.6,46,75,0,38,20,0,2,4,26,0,1,1
4,306,42,348,6.2,3,47,68,0,31,17,1,2,3,23,2,4,401,95,496,10.7,3.7,48,65,2,29,20,1,4,0,30,1,1,1
4,177,136,313,5.9,3.5,30,73,0,34,20,0,1,3,16,2,2,251,58,309,7,3.4,49,61,2,26,15,1,0,1,3,4,1,0
1,128,111,239,5.7,3.8,77,55,1,25,14,3,0,1,3,2,5,211,114,325,7.6,2.9,20,70,0,35,21,0,5,2,41,1,1,1
5,276,120,396,8.1,4.1,64,63,0,31,22,0,4,2,35,0,4,205,75,280,6,3.3,73,57,1,29,16,1,2,0,14,0,1,0
2,150,64,214,6.4,3.2,40,54,0,25,11,0,1,1,10,5,3,240,112,352,6,3.5,69,78,1,35,21,1,1,2,12,3,1,1
0,261,169,430,7.3,5.3,91,74,1,37,21,0,2,3,24,4,1,311,115,426,8.2,4.6,67,65,1,29,23,2,4,1,30,1,1,1
2,160,62,222,7.6,4.8,68,43,1,22,8,1,1,0,7,5,2,285,77,362,9.5,2.1,40,69,0,38,19,0,1,0,7,1,1,1
1,163,235,398,5.6,5.7,40,70,0,37,23,0,4,1,30,0,2,149,51,200,10.6,3,83,41,0,23,8,2,2,1,17,6,1,0
4,169,128,297,5.4,8,65,53,0,24,15,2,2,0,15,2,1,252,222,474,7.9,6.2,95,68,0,37,24,0,3,3,30,0,1,0
4,200,67,267,7.9,3,45,54,0,23,16,0,3,1,25,4,2,198,256,454,8.2,6.2,116,67,0,37,26,0,3,2,28,1,1,1
2,191,140,331,7.3,6.7,77,53,0,30,18,2,2,3,23,3,3,137,137,274,5.1,4.3,85,62,0,30,20,0,3,2,27,1,1,1
3,231,106,337,10,4.2,81,50,1,27,17,0,4,1,31,1,3,309,70,379,7.4,2.9,29,71,0,33,29,4,3,1,24,3,1,0
4,142,98,240,5.1,5.2,82,57,0,29,17,1,2,0,14,4,1,125,102,227,4.3,3.6,70,60,1,31,12,0,1,1,10,1,1,0
0,282,193,475,6.4,7.7,65,73,1,29,25,1,3,1,24,2,5,263,95,358,9.5,3.7,42,58,0,31,19,0,4,1,31,2,1,1
5,215,62,277,5.7,3.9,57,58,0,31,16,3,1,0,6,2,3,386,110,496,7.7,5.5,68,70,1,29,28,1,5,1,38,0,1,1
2,125,175,300,4.4,6.5,54,63,2,30,21,2,3,1,23,3,4,231,83,314,9.7,2.7,118,57,2,30,15,1,3,1,26,1,1,1
4,236,67,303,13.1,2.5,70,46,0,27,13,1,5,0,34,1,1,244,116,360,5.8,5,42,72,1,33,20,3,1,2,13,3,1,0
4,233,261,494,7.8,6.9,15,68,0,34,22,1,4,2,34,0,3,317,272,589,8.4,5.6,35,90,0,41,30,0,4,1,31,2,1,0
3,95,65,160,5,2.7,89,48,0,27,11,0,1,0,7,2,1,225,83,308,7.8,3,35,65,1,33,18,0,1,2,13,4,1,1
3,370,123,493,11,3.4,50,71,1,39,28,0,4,3,37,1,2,307,86,393,9.9,4.5,59,50,0,21,16,1,4,1,31,0,1,0
2,260,88,348,5.7,4,50,77,1,34,25,4,2,1,18,5,2,89,208,297,4.8,6.5,75,61,0,26,16,1,4,2,33,4,1,1
3,112,193,305,5.4,7.1,60,52,0,24,15,0,4,1,30,2,3,243,102,345,8.7,3.5,40,64,1,36,23,2,1,4,19,4,1,0
1,167,133,300,6.4,4.8,52,60,1,25,16,0,1,3,16,3,3,179,313,492,6.6,7.1,71,74,2,35,29,0,6,1,45,3,1,1
3,263,162,425,7.4,4.3,115,82,0,40,30,1,3,1,25,5,3,245,33,278,10.8,2.8,75,42,0,20,19,0,4,1,31,4,1,1
2,159,183,342,6.1,5.4,75,63,0,32,20,1,1,3,16,2,2,207,93,300,4.8,3.4,25,71,0,28,23,2,2,0,12,1,1,0
0,118,183,301,4.8,4.9,60,65,0,34,20,0,3,0,21,2,2,151,153,304,9.2,5.3,31,52,0,26,15,0,4,0,28,5,1,1
2,170,212,382,5.5,7.1,73,69,1,30,24,1,3,1,24,4,5,260,139,399,7.4,4.3,65,67,0,30,24,0,4,3,38,0,1,1
3,220,240,460,7.1,5.7,45,73,0,39,24,3,3,2,27,0,2,208,67,275,9.1,3.7,46,48,0,21,14,1,3,0,20,5,1,0
0,162,107,269,7,5.1,51,54,0,26,16,0,1,2,13,5,2,171,280,451,7,7,42,66,0,34,29,0,4,2,33,1,1,1
2,162,68,230,5.9,2.4,0,62,2,29,14,1,1,1,10,3,1,202,127,329,7,4.2,15,61,0,31,18,0,3,3,30,1,1,1
2,324,57,381,12.2,3,44,56,0,25,18,1,2,3,23,7,4,188,152,340,5.4,5.1,95,66,0,35,22,1,2,3,22,1,1,0
3,188,117,305,4.3,5.3,15,66,2,28,17,6,0,1,3,0,3,221,72,293,7.2,2.7,59,62,1,32,18,0,3,1,24,2,1,1
3,288,66,354,9.7,2.5,71,60,0,31,21,0,3,2,27,2,2,247,58,305,6.4,2.9,60,65,0,29,20,3,2,1,17,4,1,0
1,244,72,316,6.7,4.2,18,58,0,28,16,0,1,2,13,3,3,375,61,436,8.1,2.5,10,72,1,32,30,0,4,1,31,1,1,1
1,197,33,230,5.5,2.4,83,52,0,24,11,2,0,1,3,1,2,225,171,396,6.4,4.9,64,70,0,36,28,0,4,0,28,0,1,1
2,234,11,245,5.6,1,35,57,1,23,11,2,1,3,16,2,1,189,155,344,9.8,4,25,66,2,37,16,0,3,1,24,5,1,1
1,222,171,393,6.7,4.9,37,71,0,34,21,0,4,1,31,2,0,339,68,407,6.8,3.8,10,70,0,26,22,2,3,2,28,1,1,0
1,155,125,280,5.5,3.7,55,67,0,34,16,0,0,3,9,3,2,157,139,296,5.1,5.6,31,58,0,26,17,1,0,2,6,1,1,0
3,282,139,421,10,3.5,28,70,1,38,27,0,5,2,41,1,2,214,36,250,5.8,2.6,90,52,0,22,13,3,1,1,10,1,1,0
1,216,188,404,7.3,4.7,56,81,0,42,24,1,2,3,23,6,0,116,248,364,5.1,9.2,25,55,0,25,17,0,2,1,17,2,1,0
3,290,147,437,8.1,4.9,81,68,0,33,23,1,5,1,38,1,4,329,55,384,7.7,4.6,55,55,0,27,18,2,1,3,16,0,1,0
3,366,46,412,6.8,2.6,31,73,2,27,21,0,1,3,16,1,3,250,124,374,7,3.4,54,74,0,33,19,2,3,1,24,1,1,1
4,222,29,251,5.8,2.9,77,58,1,25,15,1,0,1,3,4,3,301,125,426,9.7,4.2,99,61,0,35,25,0,4,2,34,0,1,1
3,270,87,357,5.7,4.8,40,72,1,31,22,1,2,0,14,4,3,287,149,436,11.1,5.7,68,55,0,29,18,0,6,0,43,2,1,1
3,241,36,277,5.9,2,99,65,0,28,15,1,2,0,14,2,1,224,50,274,8.1,1.7,94,63,0,32,13,1,2,2,21,3,1,1
5,295,127,422,10,5.1,98,59,1,30,20,0,4,3,35,2,2,400,48,448,8.9,2.5,40,66,0,30,30,0,4,2,30,1,1,0
1,167,146,313,4.6,5.2,70,64,0,34,24,0,2,3,24,0,0,176,33,209,6,2.5,52,62,1,26,17,1,1,1,9,8,1,0
1,221,148,369,10.5,5.1,67,50,0,28,16,0,4,0,28,0,3,219,91,310,6.5,4,10,63,0,32,18,2,1,0,7,3,1,0
5,178,56,234,5,4,24,55,0,26,16,2,2,0,14,2,2,272,117,389,7.8,3.9,115,69,1,34,20,1,2,3,24,2,1,1
4,285,97,382,7.9,3.3,104,66,0,33,26,0,1,6,24,1,2,146,76,222,5.8,2.7,86,56,0,27,19,1,2,2,20,1,1,0
3,246,122,368,6,4.7,95,72,0,35,22,1,2,4,27,2,5,279,127,406,8.5,5.8,45,55,0,25,23,2,4,1,31,0,1,1
1,206,231,437,5.8,7,37,77,3,39,27,1,3,1,24,4,5,243,69,312,7.5,2.5,43,69,0,33,21,1,4,0,27,4,1,1
2,302,80,382,6.7,3.1,29,71,0,31,22,2,2,3,25,0,1,242,145,387,7.9,6.3,59,59,0,29,17,2,3,0,20,3,1,0
3,199,84,283,5.3,3.8,58,64,1,31,18,2,1,4,19,2,0,168,48,216,5.1,2.3,75,63,0,29,14,3,2,1,17,4,1,0
3,199,62,261,5.7,3.3,93,54,1,25,13,0,4,0,28,0,4,282,130,412,5.7,5,105,80,1,35,25,0,3,2,27,2,1,0
2,250,60,310,6.3,3,46,62,1,30,18,1,2,1,16,1,3,188,118,306,4.5,6.2,65,69,1,30,18,0,1,1,10,3,1,0
3,293,98,391,6.4,3.8,111,76,0,35,22,0,2,3,23,2,2,397,38,435,8.8,2.2,119,64,1,25,19,2,3,2,27,1,1,1
0,111,33,144,4.8,2.5,35,48,1,21,11,2,1,0,7,4,1,277,119,396,7.2,3.5,61,77,0,39,29,2,3,2,28,2,1,1
2,267,101,368,7.7,6.3,136,52,0,24,17,0,2,1,17,1,5,299,118,417,8.4,3.9,45,67,0,36,27,0,3,2,27,1,1,1
1,261,64,325,5.9,3.2,15,71,2,29,22,0,1,2,14,3,2,219,92,311,6.5,3.1,69,68,0,31,16,1,1,4,19,2,1,1
1,159,169,328,4,4.4,30,81,0,37,27,1,2,4,27,1,3,189,151,340,6.9,6.3,62,57,1,23,18,1,3,2,27,3,1,1
3,263,72,335,5.5,4.5,41,70,0,29,22,2,1,1,10,3,2,218,153,371,8.1,4,20,67,0,31,25,0,3,2,27,1,1,1
5,303,52,355,8.9,2.3,41,60,1,28,21,0,4,1,29,2,2,189,143,332,6.6,4.9,69,64,1,32,20,1,2,1,17,4,1,0
2,249,96,345,6.6,5.1,49,64,0,32,27,0,2,0,14,4,3,222,180,402,9.5,6.2,45,54,1,28,21,0,4,0,28,1,1,1
0,172,180,352,5.2,6.9,35,63,0,32,22,2,2,1,17,2,1,288,271,559,11,9,30,61,1,28,23,0,4,1,31,3,1,1
2,186,78,264,7,3.4,60,55,0,29,12,1,2,2,20,3,3,229,122,351,5.5,4.5,15,72,0,31,23,2,3,0,21,1,1,1
1,306,53,359,5.1,2.8,88,80,0,32,22,3,2,0,14,1,1,332,80,412,10.7,2.4,23,64,2,28,21,0,3,4,32,0,1,1
2,147,213,360,6.4,5.6,43,70,0,35,21,0,3,1,23,4,0,85,169,254,3.7,7.7,34,53,0,25,13,1,1,1,10,3,1,0
2,244,50,294,6.5,2.6,60,63,0,29,15,1,1,1,10,3,2,155,95,250,6.1,4,25,57,0,31,17,0,1,2,12,4,1,1
1,168,120,288,7.3,5.7,15,50,0,21,14,1,1,1,10,3,3,270,133,403,7.5,3.9,46,73,0,39,23,0,3,2,29,2,1,1
0,217,163,380,5.6,5.8,101,69,2,29,26,1,2,2,20,1,2,156,145,301,6.8,5.6,75,56,0,31,24,1,4,1,31,3,1,1
0,301,40,341,8,2.7,69,63,0,29,16,0,3,2,26,6,2,270,137,407,11.8,4.4,96,57,0,31,19,1,4,0,28,2,1,1
5,255,168,423,9.1,4,38,70,0,40,29,0,5,0,35,0,0,177,45,222,7.5,3.5,33,44,0,20,13,0,1,1,10,4,1,0
5,192,104,296,7.2,3.9,100,55,1,26,13,0,4,0,27,1,0,285,58,343,7.3,2.8,35,72,3,34,21,0,1,2,13,7,1,0
1,322,34,356,7,1.8,92,65,0,28,19,1,2,1,17,0,0,127,124,251,6.2,4.3,44,66,0,32,23,0,2,2,20,9,1,1
1,185,73,258,7.4,3.6,30,54,0,24,14,1,2,0,14,5,3,215,129,344,6.6,3.7,69,72,0,36,17,1,2,3,23,2,1,1
4,172,119,291,5,6.3,77,60,3,26,14,0,0,4,12,4,4,254,97,351,8.1,2.9,44,69,0,34,15,2,1,4,19,2,1,1
1,196,124,320,7,3.9,93,62,0,32,16,1,2,2,20,1,3,244,115,359,6.9,4.8,59,62,0,28,21,2,3,2,27,1,1,1
3,214,59,155,4.4,4.2,15,60,0,23,16,1,1,2,13,4,4,255,96,351,9,2.6,97,69,0,37,22,0,4,1,31,2,1,1
2,231,161,392,7.9,5,42,67,0,37,19,1,2,3,23,3,3,256,158,414,6.9,5.6,59,68,0,30,26,1,3,2,26,1,1,1
3,131,140,271,3.2,5.6,15,67,2,29,14,0,0,3,9,1,3,157,190,347,6.3,5.4,83,60,0,31,19,0,3,2,27,0,1,1
3,231,58,289,5.9,4.1,75,56,0,26,19,0,1,2,13,1,2,164,105,269,6.4,3.4,49,63,0,34,20,1,2,2,20,3,1,1
3,92,181,273,3.7,5.5,89,61,0,28,16,0,3,1,24,1,2,247,80,327,5.4,3.6,49,73,1,32,23,1,2,2,21,2,1,0
3,230,124,354,6.2,3.8,101,74,1,36,22,1,2,2,20,2,4,295,30,325,9.5,1.5,21,51,0,24,16,1,3,2,27,0,1,1
3,235,67,302,8.1,3.7,78,49,0,30,18,1,3,0,21,1,3,239,114,353,6.6,4.2,58,65,1,30,22,3,1,2,13,1,1,0
2,184,123,307,5.8,4.6,12,64,1,32,17,0,2,0,13,2,1,200,109,309,7,4.2,30,57,1,28,16,0,3,0,21,1,1,1
2,131,185,316,6.1,4.5,124,67,0,36,20,1,1,5,22,2,3,265,83,348,6.1,5.5,59,61,1,24,21,2,2,1,17,1,1,0
0,83,67,150,3.3,3.4,91,50,0,23,9,1,2,2,20,2,2,308,79,387,6.6,2.5,71,78,0,37,23,2,1,4,21,0,1,1
3,243,46,289,5.8,2.1,35,74,1,29,20,0,2,1,17,4,3,133,103,236,5.8,3.6,50,59,0,31,16,1,3,1,24,4,1,1
3,236,65,301,7.2,2.3,39,61,0,30,15,0,2,4,25,0,1,252,64,316,6.6,2.9,10,65,2,30,19,1,2,1,16,2,1,0
0,224,139,363,7.2,5.8,83,60,0,31,22,1,2,1,16,3,4,238,137,375,6.5,6,138,67,0,29,22,1,1,2,15,4,1,0
2,245,123,368,7.1,4.9,58,61,0,29,17,1,2,1,17,1,1,212,181,393,6.5,6.2,70,63,1,31,19,2,1,1,10,1,1,0
2,341,81,422,9.1,3.4,131,65,0,33,26,0,4,2,34,2,3,207,124,331,6.3,4.4,38,68,1,28,26,0,3,2,26,3,1,0
2,322,48,370,6.2,4.4,75,67,1,26,27,0,3,0,22,2,2,280,214,494,12.2,5,54,66,0,34,25,0,4,3,36,0,1,1
3,313,80,393,7.3,4.2,57,62,1,24,24,2,5,0,35,0,2,268,208,476,8.3,5.3,107,73,0,36,31,0,5,3,43,1,1,1
2,333,69,402,6.9,5.3,107,73,1,30,21,2,3,2,25,5,3,292,154,446,11.3,5,65,59,0,30,19,0,6,2,47,1,1,1
3,254,97,351,7.6,3.6,109,70,0,31,20,0,2,1,17,5,3,251,76,327,9.4,2.7,70,58,0,29,18,1,3,1,24,2,1,1
2,226,149,375,9.8,5.1,118,52,0,29,18,0,3,2,27,0,1,316,95,411,5.9,4.3,48,76,0,31,25,2,3,0,21,0,1,0
3,330,18,348,6.7,2,87,64,2,28,19,0,1,1,10,3,3,73,180,253,4.2,4.3,55,65,0,32,16,0,1,2,13,2,1,1
3,241,148,389,7.3,5.1,25,63,2,31,21,1,2,2,19,1,4,159,157,316,5.8,5.6,40,57,0,29,13,1,2,1,17,1,1,0
4,205,58,263,5.1,2.9,49,67,0,27,19,1,2,1,17,3,0,331,84,415,8.8,3,45,69,1,33,25,0,4,4,38,2,1,1
3,332,116,448,8.7,4.8,70,64,0,31,28,0,5,1,39,1,2,368,82,450,8.2,4.3,45,68,0,29,25,0,4,2,35,2,1,0
2,170,83,253,4.9,4,94,66,1,29,19,1,2,2,20,5,5,266,134,400,8.1,4.3,54,65,0,31,24,1,3,4,34,1,1,1
2,315,37,352,8.4,2.2,80,58,3,27,17,0,2,3,22,2,2,317,93,410,8.9,3.6,66,65,1,33,24,1,3,2,26,2,1,1
3,190,94,584,5.6,3.8,78,73,0,33,23,1,3,2,27,6,0,195,136,331,6.3,4.7,145,65,0,27,23,0,3,3,30,3,1,1
1,397,125,522,9.2,6.6,80,62,1,30,25,0,2,3,23,0,2,298,98,396,8.3,4.7,68,65,0,30,20,0,2,5,29,5,1,1
3,334,88,422,8.5,3.3,40,71,0,34,20,0,3,3,30,3,3,172,105,277,6,5,45,62,1,26,18,1,2,0,14,6,1,0
2,270,85,355,7.8,3,35,66,0,30,22,2,4,1,31,2,3,289,116,405,6.9,6.1,25,65,0,30,25,1,3,2,26,3,1,0
3,250,161,411,8.9,4,55,68,0,37,27,0,4,2,34,0,2,248,34,282,6.9,3.8,27,56,2,23,20,1,0,2,6,5,1,0
3,288,102,390,9.9,4.2,22,53,1,24,20,2,3,1,25,0,4,253,210,463,7.7,5.7,97,72,0,36,27,0,5,0,33,1,1,1
1,288,182,470,7.7,6.1,54,71,2,30,23,0,2,2,20,2,2,290,94,384,7.8,4.3,35,67,1,30,24,1,3,1,24,4,1,1
2,199,95,294,5.9,3.8,24,60,0,29,18,0,3,2,27,1,1,300,48,348,8.2,1.8,79,68,0,31,20,1,2,3,23,3,1,0
1,319,69,388,6.6,6.3,93,63,1,25,20,2,2,0,14,2,1,207,150,357,8.8,4.3,23,63,1,35,25,0,5,1,38,3,1,1
1,263,54,317,8.2,2.7,50,55,1,24,20,1,2,1,17,2,1,297,92,389,6.2,3.4,87,77,0,36,22,0,1,3,16,1,1,0
3,200,144,344,5.4,4.2,117,71,0,33,21,0,3,4,33,0,2,239,105,344,5.7,6.6,112,60,1,27,19,2,1,3,16,1,1,0
2,244,205,449,6.1,6.4,46,75,3,30,25,1,2,0,14,2,4,169,62,231,5.7,2.8,75,57,0,30,10,0,1,4,19,2,1,1
1,202,83,285,5.8,3.1,25,62,1,33,16,2,2,2,19,0,4,263,14,277,8.4,0.7,32,57,2,27,14,0,3,2,26,3,1,1
3,102,104,206,4.3,3.7,32,54,0,25,10,0,2,2,20,2,0,179,154,333,4.3,4.1,65,81,1,35,19,2,1,1,10,1,1,0
1,292,85,377,8.6,2.9,93,63,1,31,22,0,2,4,25,0,0,230,85,315,6.9,3.5,114,65,0,29,18,0,1,3,16,4,1,0
1,233,155,388,6.8,4.8,30,69,0,34,25,0,3,2,27,1,4,330,83,413,7.6,4.4,46,70,0,31,26,1,4,2,33,3,1,1
2,406,183,223,9.7,4.6,10,64,0,37,22,0,3,2,26,1,4,221,64,285,6.6,3.8,25,53,1,23,16,1,1,1,10,2,1,0
2,359,104,463,7.6,4.7,75,71,1,33,27,1,3,0,21,1,3,214,112,326,8.9,4,30,52,0,27,20,0,3,2,27,0,1,1
4,165,91,256,4.7,4.5,45,61,0,25,18,1,1,4,20,3,2,242,99,341,6.9,3.4,53,69,1,35,22,1,2,1,17,2,1,0
3,326,116,442,8.5,3.4,42,74,1,35,27,0,1,4,19,1,5,261,82,343,8.4,3.9,30,52,1,25,19,1,2,1,17,0,1,0
4,190,83,273,5,3.2,71,76,0,38,23,0,3,2,30,6,3,340,124,464,10.8,3.3,97,77,1,37,21,0,3,2,27,5,1,0
4,266,123,389,10.8,5.6,128,48,1,28,17,0,4,0,29,1,3,290,128,418,8.7,4.3,30,66,0,32,32,1,3,3,28,2,1,0
5,109,135,244,2.9,4.4,82,73,0,32,18,0,1,2,13,1,4,258,65,323,10.2,2.4,73,54,2,28,14,1,3,0,21,1,1,1
2,183,63,246,4.3,4.5,70,57,2,22,14,1,1,1,10,0,3,246,238,284,6.6,6.4,65,74,0,38,23,1,4,2,33,0,1,1
4,262,103,365,9.4,3.3,19,60,0,31,26,1,4,3,37,1,1,269,129,398,7.1,5,50,64,0,29,26,2,3,2,27,0,1,0
2,319,167,486,8.4,6.4,141,64,0,30,25,0,4,2,35,0,3,419,88,507,10.1,4,53,65,1,30,27,0,4,2,34,1,1,0
2,389,139,528,11.6,4.8,72,64,0,27,27,1,4,2,35,1,3,299,155,454,66,6.2,58,71,0,33,29,0,4,0,28,1,1,0
1,351,72,423,12,3.8,38,51,2,24,17,2,4,1,31,2,3,300,89,389,7.9,3.6,36,68,0,36,20,1,3,4,34,3,1,1
4,498,128,626,8.7,5.3,200,85,1,44,27,0,4,1,30,2,2,168,102,270,5.6,3.8,64,61,0,29,18,0,3,1,24,2,1,0
3,266,33,299,7.6,2.8,104,51,1,19,13,1,2,2,20,2,4,179,218,397,5.9,5.1,72,76,0,41,30,0,3,3,30,2,1,1
3,229,129,358,8.5,5.2,67,56,1,26,19,1,5,0,32,2,4,310,56,366,8.1,1.8,46,71,1,34,22,1,4,2,35,1,1,1
4,200,145,345,7.1,5,15,61,1,32,18,1,1,4,19,2,2,190,73,263,6.9,3.3,44,55,1,28,14,1,2,1,16,3,1,0
4,164,57,221,5.3,3.6,125,50,2,25,11,1,1,0,6,2,1,206,143,349,7.6,3.6,43,67,0,35,18,1,3,1,24,0,1,1
3,176,157,333,5.9,4.9,85,68,0,32,21,1,2,2,20,3,5,159,148,307,6.8,5.1,22,57,1,28,21,2,3,0,21,2,1,1
5,218,89,307,7.7,2.8,88,67,0,31,22,0,3,2,27,4,1,143,72,215,5.1,2.8,69,66,1,29,15,2,1,0,7,5,1,0
3,250,122,372,9.5,3.8,78,62,1,29,19,0,2,3,23,2,5,183,84,267,6.4,3.5,57,65,0,31,18,1,1,3,16,6,1,0
4,220,84,304,4.6,5.2,103,68,2,27,16,0,1,2,13,2,1,166,99,265,6.1,3.4,20,60,2,33,16,0,1,5,21,2,1,1
2,246,123,369,5.7,4.7,52,77,0,33,21,3,3,0,19,4,3,267,57,324,7.3,2.3,45,64,2,27,15,1,3,2,27,1,1,1
2,234,103,337,6.5,2.8,10,83,0,39,24,2,2,3,25,6,4,293,80,373,10.4,3.8,25,51,2,21,19,2,3,1,23,1,1,0
2,192,83,275,5.8,2.4,34,72,0,33,21,2,5,0,35,2,1,308,38,346,7.5,1.8,46,67,2,27,21,1,4,2,34,3,1,0
4,348,78,426,8.2,3,14,75,1,35,26,1,3,4,33,4,2,256,130,386,8,5,70,63,0,31,21,1,3,3,30,3,1,0
3,268,81,349,9.3,2.7,35,61,0,32,20,1,3,2,28,1,3,211,119,330,8.7,4.8,45,53,0,28,18,2,3,0,21,2,1,0
2,220,58,278,6.1,2.9,32,64,2,27,17,3,2,1,16,5,2,146,126,272,5.9,3.3,35,67,0,33,17,1,2,4,28,2,1,1
1,203,113,316,7.4,4.7,40,54,0,23,18,1,3,0,20,2,1,227,101,328,5,3.4,50,75,0,37,24,0,1,4,19,0,1,0
0,278,102,380,9.7,3.4,39,64,1,33,24,0,3,2,27,4,4,350,82,432,7.9,4.8,51,65,0,27,24,1,2,3,23,2,1,0
1,312,78,390,6.5,5.6,45,64,2,25,21,0,2,1,17,1,1,248,199,447,10.3,4.9,45,65,1,35,25,0,4,1,31,0,1,1
2,234,194,428,7.7,5,45,73,0,36,26,0,3,1,24,2,2,189,106,295,8.5,3.7,32,53,0,24,14,1,2,1,17,1,1,0
4,233,191,424,9.1,5.8,60,62,1,30,24,1,3,3,30,2,3,294,78,372,7,3.2,23,67,3,30,24,1,1,3,16,1,1,0
3,194,97,291,4.6,4,40,71,1,33,21,0,2,3,23,3,5,273,187,460,7.2,5.5,84,76,0,34,26,1,3,3,29,2,1,1
4,449,56,505,8.5,2.9,30,72,0,33,25,0,3,2,26,0,5,190,163,353,8.1,5.4,25,55,0,27,24,0,4,1,31,1,1,1
5,124,140,264,7.7,5,78,49,2,27,13,0,2,1,17,3,1,231,87,318,5.4,4.6,57,69,1,33,21,0,1,3,15,3,1,0
5,152,108,260,4.5,4.3,54,65,1,29,13,2,1,0,7,3,4,167,93,260,6.9,2.8,50,64,2,31,12,1,1,1,10,3,1,1
5,224,52,276,7.1,2.6,35,59,1,24,16,3,2,2,20,4,4,264,185,449,7.8,5.8,91,71,1,36,24,0,2,4,26,3,1,1
4,229,90,319,5.7,4.5,62,70,1,31,23,1,3,0,21,4,4,211,164,375,10.6,5.5,47,52,0,29,23,0,6,0,42,1,1,1
4,126,69,195,5.2,3.3,35,53,0,24,15,2,1,2,13,3,1,232,114,346,5.7,3.8,61,75,0,36,24,0,3,2,27,2,1,1
3,247,41,288,6,3.2,76,59,0,26,16,0,1,2,13,2,2,353,64,417,9,2,25,75,3,34,22,0,1,3,16,2,1,1
2,313,90,403,9.1,3,70,68,1,33,20,0,2,5,29,2,2,337,120,457,9.2,5.7,128,61,1,27,28,2,3,2,27,2,1,0
2,261,78,339,5.8,4.3,69,63,1,24,18,1,1,1,10,0,4,262,104,366,7.3,3.2,37,69,0,36,22,0,3,1,24,0,1,1
2,178,43,221,5.7,2.9,51,54,1,23,14,0,1,3,16,4,3,259,147,406,5.8,4.6,57,77,0,37,23,2,2,3,23,0,1,1
2,196,36,232,5.3,1.8,33,57,1,25,13,0,2,1,17,0,3,271,74,345,5.5,3.7,43,76,0,35,20,4,1,1,10,3,1,0
2,347,96,443,7.7,3.8,43,74,0,33,21,2,2,3,23,2,2,248,54,302,7.1,2.2,30,61,0,27,16,2,4,0,28,1,1,1
1,222,93,315,8.4,3.7,40,59,0,30,17,1,2,1,16,4,4,227,102,329,6.3,3.5,35,65,0,30,19,0,3,1,22,0,1,1
5,268,56,324,7,2.9,15,59,1,30,16,1,0,2,6,1,4,186,114,300,7.2,3.6,46,62,0,30,17,0,2,1,17,2,1,1
4,356,114,470,5.7,4.6,50,88,0,34,24,3,1,4,19,0,0,168,118,286,6.7,3.9,5,55,0,26,15,1,3,1,24,0,1,1
3,171,161,332,6.7,4,42,68,0,36,17,0,2,2,19,1,2,246,38,284,8.2,2.5,42,54,1,24,16,2,1,1,10,4,1,0
3,145,94,239,8.1,4.5,114,48,0,26,12,0,2,2,20,5,3,263,230,493,7.7,7,75,67,0,34,26,1,3,2,27,0,1,1
4,283,130,413,7.7,4.5,20,70,2,35,26,0,2,1,17,2,2,250,94,344,9.2,4.9,30,51,0,25,19,0,2,2,20,3,1,1
2,284,47,331,7.7,2.2,35,64,0,30,22,1,3,0,20,3,4,260,128,388,7.9,4.6,35,62,1,30,23,0,2,4,26,1,1,1
1,340,84,424,8.2,4.4,59,65,1,30,19,1,3,1,24,2,4,364,151,515,12.5,5,40,62,0,30,21,0,6,1,42,2,1,1
3,246,87,333,7.3,4.8,35,57,1,26,19,1,2,3,23,2,2,281,88,369,6.5,3.7,51,72,0,34,24,0,4,1,31,2,1,1
2,227,107,334,11.1,4.7,86,46,0,23,16,1,4,0,27,2,1,288,95,383,6.8,3.7,54,76,1,37,24,1,2,3,22,4,1,0
2,290,148,438,8.1,4.5,62,72,0,35,22,0,2,4,26,2,3,306,29,335,6.7,2.2,70,61,2,25,18,1,1,3,15,1,1,0
2,270,208,478,9.3,5.9,73,64,0,33,21,0,5,2,41,0,1,318,140,458,8.1,5.4,52,67,0,27,31,5,3,0,21,1,1,0
3,180,100,280,5.6,3.1,34,68,0,36,21,0,3,3,29,2,1,220,64,284,8.1,3.6,60,50,2,24,16,1,2,0,14,3,1,0
4,230,116,346,7.2,5.5,111,57,1,30,18,1,2,3,23,3,2,164,80,244,7.2,3,18,56,1,30,21,0,3,1,24,4,1,1
5,189,93,282,5.5,3.4,56,74,3,32,18,1,1,1,10,6,3,138,101,239,4.9,3.9,53,54,2,28,15,2,2,2,21,0,1,1
3,255,48,303,8.1,3.7,67,48,0,22,11,1,1,3,15,2,1,221,208,429,6.4,5.5,77,76,1,38,25,0,2,3,24,2,1,1
2,195,113,308,4.8,4.3,48,73,0,31,20,2,2,0,15,2,4,287,152,439,9,5.1,48,63,0,29,18,0,3,2,26,1,1,1
1,313,74,387,8,2.6,51,67,0,35,25,0,3,2,27,0,2,211,81,292,7.1,4.5,42,58,0,25,20,1,1,2,13,4,1,0
2,180,83,263,5.9,3.6,72,64,2,30,20,1,2,0,14,5,4,254,30,284,9.2,1.4,137,57,1,30,15,0,2,1,17,4,1,1
4,368,50,418,9.4,2.2,86,67,0,35,22,1,3,2,27,3,2,201,123,324,8.5,5.1,45,50,0,25,17,0,4,2,34,2,1,1
1,120,69,189,5,3.8,108,45,0,20,13,2,1,1,10,1,3,303,103,406,5.8,4.5,56,81,1,40,32,0,3,2,26,2,1,1
3,223,108,331,6.5,5.7,68,60,0,31,24,0,4,1,32,3,3,277,90,367,8.2,4.7,46,56,0,29,25,0,4,2,33,2,1,1
4,218,136,354,6.2,5.2,63,68,1,32,22,5,1,1,10,3,2,237,93,330,9.8,3.1,50,56,0,28,18,0,5,1,38,1,1,1
3,225,226,451,8.1,9.8,64,58,0,33,20,0,3,3,30,4,1,354,95,449,8.4,5,40,63,1,27,29,3,3,2,27,1,1,0
2,353,93,446,7.6,4.7,70,74,2,31,22,0,3,2,25,4,4,308,40,348,8.9,2.7,21,58,0,29,19,0,5,1,38,4,1,1
5,295,153,448,7.7,4.9,75,71,0,34,28,0,4,1,31,1,3,332,76,408,8.5,3.6,30,64,0,26,24,1,3,1,24,2,1,0
3,197,66,263,5.9,3.7,76,56,0,27,16,2,1,2,14,2,1,294,114,408,8.4,3.9,55,67,0,33,23,0,2,1,17,2,1,1
3,311,76,387,10,3.5,62,55,0,28,23,1,4,0,28,1,2,265,83,348,8.7,3.2,62,58,0,32,20,0,4,1,31,1,1,1
3,214,97,311,6.1,3.9,57,62,0,34,18,1,2,3,22,1,3,259,78,337,6.8,3.1,54,67,0,33,22,0,2,1,16,2,1,0
1,224,82,306,6.1,5.1,40,53,0,32,17,1,1,2,13,0,4,214,94,308,5.8,4.9,16,61,0,28,18,0,1,3,16,2,1,1
4,337,85,422,8.1,3.7,39,67,0,37,24,0,2,5,28,2,3,319,50,369,7.4,4.2,83,57,0,23,20,3,1,2,13,1,1,0
2,204,92,296,6.6,5.4,139,50,0,26,16,0,2,1,17,1,4,209,114,323,6.4,4.1,55,66,0,34,25,2,2,2,20,3,1,1
4,153,58,211,6.1,2.4,42,54,0,25,13,0,2,2,22,2,3,201,105,306,7.4,3.8,65,72,0,35,18,3,1,1,10,8,1,0
4,201,57,258,6.2,3.2,10,60,0,27,15,0,1,1,10,5,1,245,158,403,8.1,5.4,20,61,0,33,19,0,2,2,20,1,1,1
3,155,135,290,5.2,4.8,96,70,0,31,24,2,3,1,24,4,1,145,72,217,6,3,73,54,1,29,16,0,4,1,30,2,1,1
1,140,183,323,7.5,4.9,49,59,3,30,19,2,1,1,10,2,1,250,124,374,7.4,4.4,15,62,0,30,21,1,5,1,38,0,1,1
2,161,122,283,6.1,6.1,74,54,2,23,15,2,1,1,10,4,2,280,80,360,9.5,2.6,85,68,0,37,22,1,4,2,36,4,1,1
0,6,141,147,2.6,4.1,106,55,0,29,10,0,0,2,6,6,1,184,142,326,10.7,3.5,40,59,1,31,19,0,3,1,26,1,1,1
1,281,90,371,8.8,3.2,48,60,0,28,20,1,4,1,31,0,2,322,52,374,8.6,2.4,74,64,0,32,19,0,2,3,24,3,1,0
3,225,217,442,8,7,35,63,0,27,26,0,6,1,45,2,2,359,115,474,7,5,75,79,1,33,32,1,4,1,32,2,1,0
2,329,49,378,7,3.3,55,64,0,26,20,2,4,1,33,1,3,481,90,571,13.6,3.6,77,65,0,34,25,1,6,2,48,3,1,1
4,310,52,362,8,2.9,66,64,1,30,22,1,3,1,24,4,3,261,72,333,7.3,2.7,30,65,0,30,22,0,3,2,26,1,1,1
3,325,136,461,10.1,4,34,70,1,33,31,0,5,3,43,2,2,326,70,396,7,3.5,85,70,2,27,23,0,4,0,28,2,1,0
3,274,58,332,6.4,4.1,60,61,0,26,23,1,2,2,19,2,2,244,116,360,7.9,3.9,23,67,0,34,28,1,5,1,38,3,1,1
3,220,66,286,7.9,2.6,40,57,0,27,18,0,6,0,42,2,1,208,104,312,5.7,4.5,105,67,3,33,21,2,2,0,14,3,1,0
0,165,107,272,5.5,5.3,20,55,1,24,15,0,2,0,13,2,3,302,248,550,12.6,6,27,66,1,36,29,0,5,2,41,1,1,1
3,256,152,408,8.4,6.3,45,61,0,33,21,0,3,4,33,4,3,183,119,302,4.6,5.2,24,68,0,27,17,2,1,3,16,2,1,0
3,341,132,473,7,5.7,70,75,0,30,26,1,4,2,32,2,4,323,142,465,9.2,6.5,63,59,0,30,25,0,5,1,38,1,1,1
1,221,85,306,4.7,4,39,76,1,31,21,4,1,0,7,3,2,311,105,416,9.3,3.5,30,65,0,29,20,0,5,2,40,1,1,1
3,183,137,320,7.3,4.2,69,60,1,26,18,1,5,1,37,1,1,389,83,472,7,3.8,80,82,1,34,30,1,5,0,32,2,1,0
1,202,113,315,7.3,3.1,40,69,0,34,20,0,1,3,17,2,1,278,136,414,9.9,5.4,60,53,2,26,20,2,2,0,14,0,1,0
2,264,249,513,9,6.1,78,73,0,34,27,1,4,2,34,2,0,113,160,273,4.2,5.7,31,66,2,26,20,1,2,1,17,4,1,0
4,118,127,245,4.6,5.8,27,61,1,26,16,2,0,1,5,6,3,220,118,338,7.9,3.4,68,63,1,34,19,1,2,0,14,0,1,1
2,248,46,294,6.3,2.9,104,58,0,27,14,3,0,3,11,1,4,166,104,270,7.1,3,65,63,0,33,21,0,1,3,16,2,1,1
4,260,89,349,7.9,4.2,63,58,0,28,23,2,3,1,24,2,2,294,123,417,8.8,4,59,67,0,32,25,0,3,3,31,2,1,1
2,207,128,335,7.4,4,45,67,0,32,18,3,2,1,16,3,3,188,112,300,5.8,4.5,30,63,1,28,18,1,2,1,17,3,1,1
1,303,103,406,6.9,3.8,51,76,1,31,32,1,5,1,38,2,2,460,63,523,9.5,3,126,71,0,29,23,1,5,2,41,1,1,1
4,285,74,359,8.2,4.4,76,54,0,24,15,1,2,2,20,1,2,252,123,375,7.6,3.5,10,72,1,36,28,0,2,4,25,2,1,1
3,323,248,571,8.3,5.9,40,82,0,39,29,0,5,2,41,1,0,393,93,486,10.2,5.5,78,57,3,21,19,1,2,3,23,1,1,0
3,264,107,371,6.5,4.3,48,72,1,32,28,1,2,2,20,3,2,173,50,223,5.8,1.9,45,62,0,28,17,0,2,3,23,2,1,1
1,178,69,247,6.7,4.1,62,52,1,24,13,1,3,0,21,3,2,346,209,555,9.7,6.5,45,71,1,36,27,0,7,0,49,2,1,1
1,358,130,488,8.1,4.1,46,83,1,37,33,0,6,2,48,3,2,309,116,425,8,7.7,52,56,2,23,26,0,6,0,41,1,1,0
2,237,65,302,6.8,2.5,50,64,1,24,16,2,3,2,27,2,3,353,176,529,8.8,4.8,65,78,3,36,26,1,5,4,46,1,1,1
3,316,24,340,7.9,2.4,88,64,1,29,22,1,3,0,20,8,1,208,141,349,7.9,3.9,40,64,1,31,19,0,3,3,30,1,1,1
1,185,59,244,7,2.4,35,62,0,34,16,0,1,2,13,5,2,280,59,339,6.4,3.5,109,67,0,26,18,1,1,1,10,4,1,0
3,182,89,271,5.5,4.2,63,54,1,26,14,1,1,0,7,0,3,294,240,534,8.1,8.3,37,71,0,34,29,1,4,4,40,3,1,1
3,239,67,306,7.3,2.8,114,61,1,30,17,0,0,1,3,2,4,219,64,283,8,2.6,78,58,0,30,17,0,0,3,9,3,1,1
2,119,135,254,4.8,4.4,35,56,0,24,12,1,2,1,18,0,3,291,127,418,9.6,4.1,50,65,1,36,18,1,4,3,37,2,1,1
1,136,47,183,4.8,2.8,76,56,0,27,13,0,0,1,3,4,3,227,72,299,8.8,2.4,86,58,0,33,19,1,3,1,24,2,1,1
1,276,94,370,10.5,3.2,85,57,1,26,21,0,4,2,34,1,3,313,78,391,7.8,2.9,40,78,1,34,24,0,4,1,31,6,1,0
2,289,87,376,7.9,3.5,34,65,0,30,18,0,2,4,25,2,1,191,62,253,9.8,2,25,58,2,30,14,0,3,0,23,5,1,0
3,247,41,288,8.9,1.8,84,55,1,28,12,0,2,1,17,2,2,302,118,420,6.9,4.7,45,75,2,32,26,3,1,2,13,3,1,0
1,116,172,288,4.4,4.6,50,66,0,32,17,0,4,1,33,1,2,135,151,286,5.2,4.2,4,74,1,28,25,2,3,0,21,7,1,0
0,198,83,281,7,3,100,61,1,28,15,0,2,2,20,3,2,363,80,443,7.7,3.5,10,74,2,32,26,2,2,3,23,2,1,1
2,260,84,344,6.3,3.5,51,67,0,28,21,2,5,3,44,1,0,71,52,123,5.1,2.4,61,57,1,32,9,2,0,2,6,7,1,0
3,120,65,185,3.7,2.8,102,60,0,28,10,2,0,0,0,2,2,170,150,320,4.9,3.6,10,77,1,32,28,0,4,0,28,0,1,1
0,253,70,323,7.2,2.4,100,70,1,31,21,1,3,0,22,4,0,78,99,177,3.8,3.4,45,57,0,29,13,2,3,0,21,4,1,0
